{
  "gemini": {
    "n_runs": 10,
    "per_question": {
      "q01": {
        "n": 10,
        "correct": 7,
        "pass@1": 0.7,
        "pass@2": 0.9333333333333333,
        "pass@10": 1.0
      },
      "q02": {
        "n": 10,
        "correct": 7,
        "pass@1": 0.7,
        "pass@2": 0.9333333333333333,
        "pass@10": 1.0
      },
      "q03": {
        "n": 10,
        "correct": 5,
        "pass@1": 0.5,
        "pass@2": 0.7777777777777778,
        "pass@10": 1.0
      },
      "q04": {
        "n": 10,
        "correct": 1,
        "pass@1": 0.09999999999999998,
        "pass@2": 0.20000000000000007,
        "pass@10": 1.0
      },
      "q05": {
        "n": 10,
        "correct": 2,
        "pass@1": 0.19999999999999996,
        "pass@2": 0.37777777777777777,
        "pass@10": 1.0
      },
      "q06": {
        "n": 10,
        "correct": 3,
        "pass@1": 0.30000000000000004,
        "pass@2": 0.5333333333333334,
        "pass@10": 1.0
      },
      "q07": {
        "n": 10,
        "correct": 9,
        "pass@1": 0.9,
        "pass@2": 1.0,
        "pass@10": 1.0
      },
      "q08": {
        "n": 10,
        "correct": 1,
        "pass@1": 0.09999999999999998,
        "pass@2": 0.20000000000000007,
        "pass@10": 1.0
      },
      "q09": {
        "n": 10,
        "correct": 5,
        "pass@1": 0.5,
        "pass@2": 0.7777777777777778,
        "pass@10": 1.0
      },
      "q10": {
        "n": 10,
        "correct": 3,
        "pass@1": 0.30000000000000004,
        "pass@2": 0.5333333333333334,
        "pass@10": 1.0
      },
      "q11": {
        "n": 10,
        "correct": 3,
        "pass@1": 0.30000000000000004,
        "pass@2": 0.5333333333333334,
        "pass@10": 1.0
      },
      "q12": {
        "n": 10,
        "correct": 4,
        "pass@1": 0.4,
        "pass@2": 0.6666666666666667,
        "pass@10": 1.0
      },
      "q13": {
        "n": 10,
        "correct": 5,
        "pass@1": 0.5,
        "pass@2": 0.7777777777777778,
        "pass@10": 1.0
      },
      "q14": {
        "n": 10,
        "correct": 2,
        "pass@1": 0.19999999999999996,
        "pass@2": 0.37777777777777777,
        "pass@10": 1.0
      },
      "q15": {
        "n": 10,
        "correct": 5,
        "pass@1": 0.5,
        "pass@2": 0.7777777777777778,
        "pass@10": 1.0
      }
    },
    "mean_pass@1": 0.41333333333333333,
    "mean_pass@2": 0.6266666666666668,
    "mean_pass@10": 1.0
  },
  "opus": {
    "n_runs": 10,
    "per_question": {
      "q01": {
        "n": 10,
        "correct": 0,
        "pass@1": 0.0,
        "pass@2": 0.0,
        "pass@10": 0.0
      },
      "q02": {
        "n": 10,
        "correct": 0,
        "pass@1": 0.0,
        "pass@2": 0.0,
        "pass@10": 0.0
      },
      "q03": {
        "n": 10,
        "correct": 0,
        "pass@1": 0.0,
        "pass@2": 0.0,
        "pass@10": 0.0
      },
      "q04": {
        "n": 10,
        "correct": 7,
        "pass@1": 0.7,
        "pass@2": 0.9333333333333333,
        "pass@10": 1.0
      },
      "q05": {
        "n": 10,
        "correct": 0,
        "pass@1": 0.0,
        "pass@2": 0.0,
        "pass@10": 0.0
      },
      "q06": {
        "n": 10,
        "correct": 0,
        "pass@1": 0.0,
        "pass@2": 0.0,
        "pass@10": 0.0
      },
      "q07": {
        "n": 10,
        "correct": 0,
        "pass@1": 0.0,
        "pass@2": 0.0,
        "pass@10": 0.0
      },
      "q08": {
        "n": 10,
        "correct": 0,
        "pass@1": 0.0,
        "pass@2": 0.0,
        "pass@10": 0.0
      },
      "q09": {
        "n": 10,
        "correct": 9,
        "pass@1": 0.9,
        "pass@2": 1.0,
        "pass@10": 1.0
      },
      "q10": {
        "n": 10,
        "correct": 0,
        "pass@1": 0.0,
        "pass@2": 0.0,
        "pass@10": 0.0
      },
      "q11": {
        "n": 10,
        "correct": 9,
        "pass@1": 0.9,
        "pass@2": 1.0,
        "pass@10": 1.0
      },
      "q12": {
        "n": 10,
        "correct": 0,
        "pass@1": 0.0,
        "pass@2": 0.0,
        "pass@10": 0.0
      },
      "q13": {
        "n": 10,
        "correct": 0,
        "pass@1": 0.0,
        "pass@2": 0.0,
        "pass@10": 0.0
      },
      "q14": {
        "n": 10,
        "correct": 9,
        "pass@1": 0.9,
        "pass@2": 1.0,
        "pass@10": 1.0
      },
      "q15": {
        "n": 10,
        "correct": 0,
        "pass@1": 0.0,
        "pass@2": 0.0,
        "pass@10": 0.0
      }
    },
    "mean_pass@1": 0.22666666666666666,
    "mean_pass@2": 0.26222222222222225,
    "mean_pass@10": 0.26666666666666666
  },
  "gpt": {
    "n_runs": 10,
    "per_question": {
      "q01": {
        "n": 10,
        "correct": 10,
        "pass@1": 1.0,
        "pass@2": 1.0,
        "pass@10": 1.0
      },
      "q02": {
        "n": 10,
        "correct": 0,
        "pass@1": 0.0,
        "pass@2": 0.0,
        "pass@10": 0.0
      },
      "q03": {
        "n": 10,
        "correct": 5,
        "pass@1": 0.5,
        "pass@2": 0.7777777777777778,
        "pass@10": 1.0
      },
      "q04": {
        "n": 10,
        "correct": 4,
        "pass@1": 0.4,
        "pass@2": 0.6666666666666667,
        "pass@10": 1.0
      },
      "q05": {
        "n": 10,
        "correct": 0,
        "pass@1": 0.0,
        "pass@2": 0.0,
        "pass@10": 0.0
      },
      "q06": {
        "n": 10,
        "correct": 0,
        "pass@1": 0.0,
        "pass@2": 0.0,
        "pass@10": 0.0
      },
      "q07": {
        "n": 10,
        "correct": 0,
        "pass@1": 0.0,
        "pass@2": 0.0,
        "pass@10": 0.0
      },
      "q08": {
        "n": 10,
        "correct": 0,
        "pass@1": 0.0,
        "pass@2": 0.0,
        "pass@10": 0.0
      },
      "q09": {
        "n": 10,
        "correct": 0,
        "pass@1": 0.0,
        "pass@2": 0.0,
        "pass@10": 0.0
      },
      "q10": {
        "n": 10,
        "correct": 5,
        "pass@1": 0.5,
        "pass@2": 0.7777777777777778,
        "pass@10": 1.0
      },
      "q11": {
        "n": 10,
        "correct": 5,
        "pass@1": 0.5,
        "pass@2": 0.7777777777777778,
        "pass@10": 1.0
      },
      "q12": {
        "n": 10,
        "correct": 6,
        "pass@1": 0.6,
        "pass@2": 0.8666666666666667,
        "pass@10": 1.0
      },
      "q13": {
        "n": 10,
        "correct": 1,
        "pass@1": 0.09999999999999998,
        "pass@2": 0.20000000000000007,
        "pass@10": 1.0
      },
      "q14": {
        "n": 10,
        "correct": 2,
        "pass@1": 0.19999999999999996,
        "pass@2": 0.37777777777777777,
        "pass@10": 1.0
      },
      "q15": {
        "n": 10,
        "correct": 1,
        "pass@1": 0.09999999999999998,
        "pass@2": 0.20000000000000007,
        "pass@10": 1.0
      }
    },
    "mean_pass@1": 0.26,
    "mean_pass@2": 0.3762962962962963,
    "mean_pass@10": 0.6
  }
}